store_id,product_id,total_sold,daily_mean,daily_sd,avg_inv,n_orders,unit_cost,lead_time,annual_demand,hold_per_unit,base_order_cost,base_hold_cost,eoq,orders_per_year,safety_stock,reorder_point,opt_order_cost,opt_hold_cost,base_inv_cost,opt_inv_cost
S001,P0001,62075,81.67763157894737,35.128674062918506,245.21447368421053,272,39.82716315789474,1.0,29812.33552631579,7.965432631578948,6531.578947368422,1953.239370419668,611.7772398615657,48.73070389650617,57.96231220381553,139.63994378276288,2436.5351948253087,2898.2300878553474,8484.81831778809,5334.765282680656
S001,P0002,76252,100.33157894736843,36.41501453255433,152.0342105263158,557,40.26217105263158,1.0,36621.02631578947,8.052434210526316,13375.328947368422,1224.2454780124656,674.3753121606973,54.30362834377162,60.084773978714644,160.41635292608308,2715.1814171885812,3199.0101067065243,14599.574425380888,5914.191523895106
S001,P0003,82721,108.84342105263158,48.11142599293984,570.4236842105263,125,33.598073684210526,1.0,39727.84868421053,6.7196147368421055,3001.6447368421054,3833.02739466482,768.9096954262723,51.66776920687154,79.38385288835073,188.22727394098231,2583.388460343577,3116.8173680794443,6834.672131506925,5700.205828423022
S001,P0004,59945,78.875,37.27275679647921,205.90526315789472,259,60.128194736842104,1.0,28789.375,12.02563894736842,6219.4078947368425,2476.1423520997228,489.2851534798206,58.83966598056065,61.50004871419069,140.37504871419068,2941.983299028033,3681.56068011046,8695.550246836565,6623.543979138492
S001,P0005,79998,105.26052631578948,46.91997526399613,587.8355263157895,124,35.565599999999996,1.0,38420.09210526316,7.113119999999999,2977.6315789473683,4181.344638947368,734.935343086031,52.27683287612109,77.4179591855936,182.67848550138308,2613.8416438060544,3164.5248776482836,7158.976217894737,5778.366521454338
S001,P0006,59714,78.57105263157895,45.567627183252036,301.15526315789475,158,22.682384210526315,1.0,28678.434210526317,4.536476842105263,3794.0789473684213,1366.1838771939058,795.093803573397,36.06924627212107,75.18658485236585,153.7576374839448,1803.4623136060536,2144.5445146257935,5160.262824562327,3948.006828231847
S001,P0007,79885,105.11184210526316,49.65394731625784,584.4815789473685,121,14.873281578947367,1.0,38365.82236842105,2.9746563157894736,2905.5921052631584,1738.6318202783934,1135.6744571091358,33.78241196520473,81.92901307182544,187.0408551770886,1689.1205982602364,1932.8312544407402,4644.223925541552,3621.951852700977
S001,P0008,55961,73.6328947368421,30.195467241604945,106.98947368421052,539,25.036713157894734,1.0,26876.00657894737,5.007342631578947,12943.092105263158,535.7329527091412,732.6199059677408,36.684788878956276,49.822520948648155,123.45541568549027,1834.2394439478137,2083.717877106715,13478.825057972299,3917.9573210545286
S001,P0009,78965,103.90131578947368,38.487778439077346,166.42236842105262,605,54.20988157894737,1.0,37923.98026315789,10.841976315789474,14527.960526315788,1804.3473768386425,591.4291539025313,64.12260879078653,63.504834424477615,167.4061502139513,3206.1304395393263,3894.6483503076443,16332.307903154431,7100.7787898469705
S001,P0010,49267,64.825,32.04685562117161,350.8013157894737,122,71.24886315789473,1.0,23661.125,14.249772631578947,2929.605263157895,4998.838988858725,407.4869713584551,58.065966921887075,52.877311774933155,117.70231177493315,2903.2983460943537,3656.7880162562637,7928.44425201662,6560.0863623506175
S001,P0011,51162,67.31842105263158,32.90111631364722,209.5828947368421,278,90.46530789473682,1.0,24571.223684210527,18.093061578947367,6675.6578947368425,3791.996220367728,368.51686007181604,66.675982421597,54.28684191751791,121.60526297014948,3333.79912107985,4316.014294820082,10467.654115104571,7649.813415899932
S001,P0012,77781,102.34342105263158,45.17862902479772,287.7815789473684,265,49.62967105263157,1.0,37355.34868421053,9.925934210526314,6363.486842105263,2856.5010196329636,613.4662870283526,60.892260054192796,74.54473789091624,176.8881589435478,3044.6130027096397,3784.5391667558024,9219.987861738227,6829.152169465442
S001,P0013,57606,75.79736842105264,37.104680369444424,128.69342105263158,530,18.434534210526316,1.0,27666.039473684214,3.6869068421052633,12726.973684210527,474.4806546128809,866.2483371735331,31.937769212874063,61.22272260958329,137.02009103063594,1596.8884606437032,1822.6109355252884,13201.454338823407,3419.4993961689916
S001,P0014,78189,102.88026315789473,48.33365731499298,406.8421052631579,166,43.381397368421055,1.0,37551.29605263158,8.676279473684211,3986.184210526316,3529.875806925208,657.8785084240325,57.07937798817418,79.75053456973842,182.63079772763314,2853.968899408709,3545.9068255114735,7516.060017451524,6399.875724920183
S001,P0015,57825,76.08552631578948,37.706435582107304,126.68552631578947,542,8.84966052631579,1.0,27771.21710526316,1.769932105263158,13015.13157894737,224.22478029847647,1252.6194567653524,22.170513922062938,62.215618710477045,138.3011450262665,1108.5256961031469,1218.6431171076315,13239.356359245847,2327.1688132107784
S001,P0016,79857,105.075,53.05582518722859,379.1934210526316,168,23.42223157894737,1.0,38352.375,4.684446315789474,4034.2105263157896,1776.3112242216068,904.8300147407849,42.38627628968206,87.54211155892717,192.61711155892718,2119.3138144841027,2529.4001364527503,5810.521750537397,4648.7139509368535
S001,P0017,55100,72.5,35.71697411300677,109.99078947368422,488,12.617802631578947,1.0,26462.5,2.5235605263157894,11718.42105263158,277.56841457409973,1024.0203156729217,25.8417724677762,58.93300728646117,131.43300728646116,1292.08862338881,1440.8096342740037,11995.98946720568,2732.8982576628136
S001,P0018,78440,103.21052631578948,40.432776001861384,168.98684210526315,593,36.67120263157894,1.0,37671.84210526316,7.334240526315789,14239.802631578948,1239.3901457825482,716.689190607062,52.56370906522775,66.71408040307128,169.92460671886076,2628.1854532613875,3117.4825654294823,15479.192777361497,5745.66801869087
S001,P0019,47434,62.41315789473684,27.454316310658854,102.11973684210527,563,62.96876052631579,1.0,22780.80263157895,12.593752105263158,13519.407894736843,1286.0706508441829,425.3113185705423,53.56265313640017,45.29962191258711,107.71277980732395,2678.1326568200084,3248.6248656492776,14805.478545581027,5926.757522469286
S001,P0020,49957,65.7328947368421,33.48097954973029,362.0078947368421,120,66.44747368421052,1.0,23992.50657894737,13.289494736842105,2881.5789473684213,4810.902011800554,424.8969136949636,56.466652982496726,55.24361625705498,120.97651099389708,2823.3326491248363,3557.492396617094,7692.4809591689755,6380.825045741931
S002,P0001,80654,106.12368421052632,49.85016249227485,394.2907894736842,174,48.67237105263158,1.0,38735.14473684211,9.734474210526317,4178.289473684211,3838.21352157964,630.8067648340902,61.4057218410299,82.25276811225349,188.3764523227798,3070.286092051495,3870.9735419846284,8016.502995263851,6941.259634036123
S002,P0002,62547,82.29868421052632,44.909588558697294,250.7342105263158,265,18.411876315789474,1.0,30039.019736842107,3.682375263157895,6363.486842105263,923.2974544695292,903.1894497020639,33.258824875280716,74.10082112185053,156.39950533237686,1662.9412437640358,1935.8082744428266,7286.784296574792,3598.7495182068624
S002,P0003,77131,101.48815789473684,45.903833335743855,381.8921052631579,167,48.20286315789473,1.0,37043.17763157895,9.640572631578948,4010.197368421053,3681.6585782160664,619.8729736831089,59.75930425144836,75.74132500397735,177.2294828987142,2987.9652125724183,3718.154957485289,7691.855946637119,6706.120170057708
S002,P0004,79417,104.49605263157895,47.54530449085022,411.0684210526316,176,25.053134210526313,1.0,38141.05921052632,5.010626842105263,4226.315789473684,2059.710464468144,872.4696823704221,43.71620009408289,78.44975240990286,182.9458050414818,2185.810004704145,2578.8924398857166,6286.026253941828,4764.702444589861
S002,P0005,64867,85.35131578947369,40.48749703206195,505.91315789473686,123,51.736476315789474,1.0,31153.230263157897,10.347295263157896,2953.6184210526317,5234.832822253464,548.7039941749181,56.77602239801948,66.80437010290221,152.1556858923759,2838.801119900974,3530.0456622249812,8188.451243306095,6368.846782125955
S002,P0006,65470,86.14473684210526,30.51417258456973,123.71578947368421,550,38.384605263157894,1.0,31442.828947368424,7.676921052631579,13207.236842105263,949.7563487534626,639.9812779849888,49.13085746253024,50.34838476454006,136.49312160664533,2456.542873126512,2843.0634480914046,14156.993190858726,5299.606321217916
S002,P0007,61349,80.72236842105264,45.00236298490434,366.75131578947367,155,15.748586842105263,1.0,29463.664473684214,3.1497173684210527,3722.039473684211,1155.1629892333794,967.1806239260943,30.463456095803295,74.25389892509216,154.9762673461448,1523.1728047901647,1757.0515999075087,4877.20246291759,3280.2244046976734
S002,P0008,73600,96.84210526315789,38.44502350355857,139.51842105263157,548,15.521234210526314,1.0,35347.36842105263,3.104246842105263,13159.210526315788,433.099617968144,1067.0884501610105,33.12505951659317,63.43428878087164,160.27639404402953,1656.2529758296585,1853.1686664588722,13592.310144283932,3509.4216422885306
S002,P0009,78193,102.88552631578948,46.9607668615894,282.9578947368421,271,37.52920263157895,1.0,37553.21710526316,7.50584052631579,6507.565789473685,2123.8368335567866,707.3329794590437,53.09128542823385,77.4852653216225,180.37079163741197,2654.5642714116925,3236.156316055058,8631.402623030472,5890.720587466751
S002,P0010,74021,97.39605263157895,38.74605319112112,143.31315789473683,549,53.64363947368421,1.0,35549.55921052632,10.728727894736842,13183.223684210527,1537.5678747880886,575.6294364482993,61.75771591854517,63.93098776534985,161.3270403969288,3087.8857959272586,3773.7839677034476,14720.791558998615,6861.669763630706
S002,P0011,77158,101.52368421052631,48.92878282545201,375.7578947368421,166,56.97735,1.0,37056.14473684211,11.395470000000001,3986.184210526316,4281.937816736842,570.2482956597075,64.98247345741328,80.73249166199581,182.25617587252214,3249.123672870664,4169.108359630188,8268.122027263158,7418.232032500851
S002,P0012,62323,82.00394736842105,38.23795181968845,477.7552631578947,122,38.17943684210526,1.0,29931.440789473687,7.635887368421052,2929.605263157895,3648.085379144044,626.0860891936566,47.80722860017978,63.092620502485936,145.096567870907,2390.3614300089894,2872.1295739445045,6577.690642301939,5262.491003953493
S002,P0013,79879,105.10394736842105,51.89836002798222,394.1434210526316,164,13.433739473684211,1.0,38362.94078947369,2.6867478947368424,3938.1578947368425,1058.9640067375349,1194.9300617234867,32.10475827693343,85.63229404617066,190.7362414145917,1605.2379138466715,1835.3102995967067,4997.121901474377,3440.5482134433782
S002,P0014,61899,81.44605263157895,38.94274348707671,439.6434210526316,121,69.06569210526315,1.0,29727.809210526317,13.813138421052631,2905.5921052631584,6072.855430905125,463.9116411342758,64.08075714125445,64.25552675367658,145.7015793852555,3204.0378570627227,4091.6083424289077,8978.447536168283,7295.64619949163
S002,P0015,71402,93.95,42.45394466542313,477.26184210526316,124,39.705426315789474,1.0,34291.75,7.941085263157895,2977.6315789473683,3789.9769810096955,657.1354477839704,52.183686202959514,70.04900869794817,163.99900869794817,2609.184310147976,3165.4494608180717,6767.608559957063,5774.633770966047
S002,P0016,68261,89.8171052631579,39.70708922794477,227.4842105263158,259,51.5388947368421,1.0,32783.24342105263,10.307778947368421,6219.4078947368425,2344.8569561218837,563.9536489217367,58.131095496470785,65.51669722610887,155.33380248926676,2906.5547748235394,3581.8864071919356,8564.264850858726,6488.441182015475
S002,P0017,61084,80.37368421052632,45.18995005398546,362.2013157894737,160,11.60853947368421,1.0,29336.394736842107,2.3217078947368424,3842.105263157895,840.9256543524932,1124.0861096153055,26.097995950578788,74.56341758907601,154.93710179960232,1304.8997975289394,1478.0142728040569,4683.0309175103885,2782.9140703329963
S002,P0018,64933,85.43815789473685,28.837537145955064,127.90789473684211,556,16.085857894736844,1.0,31184.92763157895,3.2171715789473687,13351.315789473685,411.5016436703602,984.5442918092134,31.674479138234663,47.58193629082585,133.0200941855627,1583.7239569117332,1736.8032100178623,13762.817433144046,3320.5271669295953
S002,P0019,73114,96.20263157894736,40.797465541951176,489.36578947368423,124,51.155826315789476,1.0,35113.960526315794,10.231165263157896,2977.6315789473683,5006.782266240998,585.837757030686,59.938029095786895,67.31581814421943,163.51844972316678,2996.901454789345,3685.6207150475375,7984.413845188366,6682.522169836882
S002,P0020,48824,64.2421052631579,32.53577037551591,268.61842105263156,163,72.15809210526315,1.0,23448.368421052633,14.431618421052631,3914.1447368421054,3876.5985534972297,403.08700367708707,58.17197827553159,53.68402111960125,117.92612638275915,2908.5989137765796,3683.3462218823956,7790.743290339335,6591.945135658975
S003,P0001,58428,76.87894736842105,41.85958810296703,206.34473684210528,250,9.276434210526316,1.0,28060.815789473687,1.8552868421052633,6003.289473684211,382.82867520083107,1229.8286726627562,22.816849544349928,69.0683203698956,145.94726773831667,1140.8424772174965,1268.9840232060744,6386.118148885042,2409.826500423571
S003,P0002,81774,107.59736842105264,50.567019340436495,437.33815789473687,167,34.02234473684211,1.0,39273.03947368421,6.804468947368422,4010.197368421053,2975.853914894045,759.7140160104912,51.69450430823943,83.4355819117202,191.03295033277283,2584.7252154119715,3152.4600416358862,6986.051283315098,5737.185257047858
S003,P0003,69498,91.44473684210526,35.90926346820842,146.84736842105264,579,52.74352105263158,1.0,33377.32894736842,10.548704210526317,13903.618421052633,1549.0494535678672,562.5047991471776,59.336967432050926,59.250284722543896,150.69502156464915,2966.848371602546,3591.862099530128,15452.6678746205,6558.710471132674
S003,P0004,77706,102.24473684210527,49.133633470435235,391.7934210526316,166,13.788544736842105,1.0,37319.32894736842,2.757708947368421,3986.184210526316,1080.4522227569253,1163.302600337449,32.080499894475345,81.07049522621813,183.31523206832338,1604.0249947237673,1827.5938247766971,5066.636433283241,3431.6188195004643
S003,P0005,61601,81.05394736842105,45.400092112730256,465.8013157894737,111,12.522742105263157,1.0,29584.690789473687,2.5045484210526316,2665.4605263157896,1166.6219499847646,1086.8479762650984,27.22063382879,74.91015198600492,155.96409935442597,1361.0316914395,1548.6477943168616,3832.082476300554,2909.679485756362
S003,P0006,59774,78.65,38.12196811850002,137.19078947368422,560,21.776021052631577,1.0,28707.25,4.355204210526316,13447.368421052633,597.493903961219,811.8794222826693,35.359006783651544,62.90124739552503,141.55124739552502,1767.9503391825772,2041.8981166869253,14044.862325013852,3809.8484558695027
S003,P0007,81001,106.58026315789473,47.792964569916045,559.3684210526316,124,9.815447368421053,1.0,38901.79605263158,1.9630894736842106,2977.6315789473683,1098.0902592797784,1407.7151325400953,27.63470758635434,78.85839154036147,185.4386546982562,1381.7353793177172,1536.5414576622688,4075.7218382271467,2918.276836979986
S003,P0008,70811,93.17236842105264,38.83613796841165,254.13026315789475,267,67.51128157894738,1.0,34007.91447368421,13.502256315789475,6411.513157894737,3431.331950756926,501.8649038198135,67.76308567274154,64.07962764787922,157.25199606893187,3388.154283637077,4253.373840759093,9842.845108651662,7641.528124396169
S003,P0009,69859,91.91973684210527,36.838359024023205,130.9092105263158,521,32.66576842105263,1.0,33550.70394736842,6.533153684210527,12510.855263157897,855.2499910470916,716.6207532473004,46.817935142593235,60.783292389638284,152.70302923174356,2340.8967571296616,2738.0033477434727,13366.10525420499,5078.900104873134
S003,P0010,74935,98.59868421052632,37.875995552719566,149.12763157894736,563,23.521389473684213,1.0,35988.51973684211,4.704277894736843,13519.407894736843,701.5378207313021,874.6524309108098,41.14608096311566,62.49539266198728,161.0940768725136,2057.3040481557828,2351.299742378469,14220.945715468146,4408.603790534252
S003,P0011,69442,91.37105263157895,42.02021853452129,240.88684210526316,264,71.86348421052631,1.0,33350.43421052632,14.372696842105263,6339.473684210527,3462.193554831025,481.7055096229974,69.23407256983161,69.33336058196012,160.70441321353906,3461.7036284915807,4458.211001180464,9801.667239041552,7919.914629672045
S003,P0012,49382,64.97631578947369,30.97845682829807,193.94473684210527,270,54.95218421052631,1.0,23716.355263157897,10.990436842105263,6483.552631578948,2131.5373811218838,464.53291967978333,51.05419714819415,51.11445376669182,116.0907695561655,2552.7098574097076,3114.4800332512436,8615.090012700832,5667.189890660951
S003,P0013,79134,104.12368421052632,49.53225714226696,559.6684210526316,119,43.83412105263158,1.0,38005.14473684211,8.766824210526316,2857.565789473684,4906.514663551247,658.4155000646635,57.72212946552684,81.72822428474048,185.8519084952668,2886.106473276342,3602.6034486191293,7764.080453024932,6488.709921895472
S003,P0014,78860,103.76315789473684,46.75244377823712,395.27236842105265,171,56.676126315789475,1.0,37873.55263157895,11.335225263157895,4106.25,4480.501336354571,578.03341496568,65.52138968268407,77.14153223409124,180.90469012882807,3276.069484134204,4150.486129152783,8586.751336354571,7426.555613286987
S003,P0015,78064,102.71578947368421,53.090950506902495,527.6868421052632,116,58.61496315789473,1.0,37491.26315789474,11.722992631578947,2785.526315789474,6186.068961781163,565.5171636627348,66.29553542649666,87.60006833638911,190.31585781007334,3314.7767713248327,4341.711726958135,8971.595277570637,7656.488498282968
S003,P0016,69823,91.87236842105263,44.61810753578517,261.91184210526313,261,57.89352631578948,1.0,33533.41447368421,11.578705263157897,6267.434210526317,3032.6000246675903,538.1568701636666,62.311597849686265,73.61987743404553,165.49224585509816,3115.5798924843134,3968.0027548029357,9300.034235193907,7083.582647287249
S003,P0017,48824,64.2421052631579,30.853887732081628,370.62368421052633,122,67.55860263157895,1.0,23448.368421052633,13.511720526315791,2929.605263157895,5007.763641486151,416.5824671202136,56.28745871891463,50.90891475793468,115.15102002109258,2814.3729359457316,3502.2399644529787,7937.368904644046,6316.61290039871
S003,P0018,49168,64.69473684210526,31.59491584797366,384.5815789473684,122,75.2186052631579,1.0,23613.578947368424,15.04372105263158,2929.605263157895,5785.53799566482,396.1897828858178,59.60168577636914,52.131611149156534,116.8263479912618,2980.084288818457,3764.3377049706255,8715.143258822714,6744.421993789083
S003,P0019,74498,98.02368421052631,37.11442218646003,147.575,552,33.39439736842105,1.0,35778.64473684211,6.678879473684211,13255.263157894737,985.6356383289474,731.9141438948251,48.883663521582996,61.23879660765905,159.26248081818537,2444.1831760791497,2853.1897177351657,14240.898796223684,5297.372893814316
S003,P0020,73031,96.09342105263158,43.47631777174565,478.8578947368421,125,43.45812631578947,1.0,35074.09868421053,8.691625263157894,3001.6447368421054,4162.053375357341,635.247205157828,55.21330656700224,71.73592432338032,167.8293453760119,2760.6653283501123,3384.167100475187,7163.698112199447,6144.832428825299
S004,P0001,80941,106.50131578947368,49.26698524258977,563.9723684210526,121,6.689763157894737,1.9859338220609084,38872.9802631579,1.3379526315789476,2905.5921052631584,754.568314466759,1704.5256850028125,22.805746258434212,114.55718097714053,326.0617460974458,1140.2873129217105,1293.5593946763415,3660.1604197299175,2433.846707598052
S004,P0002,75866,99.82368421052631,50.30288201463092,266.48026315789474,243,12.2175,1.9859338220609084,36435.64473684211,2.4435000000000002,5835.1973684210525,651.1445230263158,1221.1163824275175,29.837978804616387,116.96588151775669,315.20911223416834,1491.8989402308193,1777.705071719458,6486.341891447369,3269.6040119502773
S004,P0003,51036,67.15263157894736,34.29332309467756,304.83026315789476,162,77.78160789473684,1.9859338220609084,24510.71052631579,15.556321578947369,3890.1315789473683,4742.037600679363,396.93966089074854,61.74921012254802,79.73993944870864,213.10062174173564,3087.460506127401,4327.920646877304,8632.169179626731,7415.381153004704
S004,P0004,82343,108.34605263157894,51.81432834727199,433.93947368421055,172,32.26725789473684,1.9859338220609084,39546.30921052632,6.453451578947368,4130.263157894737,2800.4073816149585,782.8110563479875,50.51833247606377,120.48034521414536,335.6484356219893,2525.9166238031885,3303.4306978575387,6930.670539509695,5829.347321660727
S004,P0005,68259,89.81447368421053,31.637997717789837,135.36315789473684,576,42.67068157894737,1.9859338220609084,32782.28289473685,8.534136315789473,13831.578947368422,1155.2076416094183,619.7832129974062,52.893144259578456,73.56569135425936,251.93129235433247,2644.657212978923,3272.4768511614675,14986.78658897784,5917.13406414039
S004,P0006,77258,101.65526315789474,49.628258118568155,263.2631578947368,259,21.984031578947366,1.9859338220609084,37104.17105263158,4.3968063157894735,6219.4078947368425,1157.5171153462602,918.634389224325,40.390574844429175,115.39722430497564,317.277849600741,2019.5287422214587,2526.90798687015,7376.925010083103,4546.436729091609
S004,P0007,79191,104.19868421052631,49.0327389040468,546.4921052631579,121,17.233934210526314,1.9859338220609084,38032.51973684211,3.446786842105263,2905.5921052631584,1883.6417977354572,1050.4377879488864,36.206351459523795,114.01250384567885,320.944195033607,1810.3175729761897,2203.294371066952,4789.233902998616,4013.6119440431416
S004,P0008,48152,63.357894736842105,27.37204397457291,108.95394736842105,556,55.27285263157895,1.9859338220609084,23125.63157894737,11.054570526315791,13351.315789473685,1204.4390953047093,457.3786242772786,50.56124259302468,63.64635830403348,189.47094435650303,2528.062129651234,3231.645286266337,14555.754884778395,5759.707415917571
S004,P0009,71132,93.59473684210526,39.816594996116976,384.42105263157896,167,67.22894210526316,1.9859338220609084,34162.07894736842,13.445788421052633,4010.197368421053,5168.8441382825495,504.05625622860737,67.77433773557749,92.58282917868902,278.45578264031604,3388.7168867788746,4633.5660193379845,9179.041506703603,8022.2829061168595
S004,P0010,80526,105.95526315789473,49.29819029605012,520.7026315789474,127,15.519797368421052,1.9859338220609084,38673.67105263158,3.1039594736842107,3049.671052631579,1616.239866261773,1116.2196877818344,34.64700674603257,114.62973997256228,325.0498807031895,1732.3503373016283,2088.156404655421,4665.910918893353,3820.506741957049
S004,P0011,73231,96.35657894736842,42.26137952178879,495.53026315789475,125,35.07281842105263,1.9859338220609084,35170.15131578947,7.014563684210526,3001.6447368421054,3475.928588374654,708.08727076669,49.6692325477177,98.26752090436395,289.625310014025,2483.461627385885,3172.765410859035,6477.573325216759,5656.227038244921
S004,P0012,56696,74.6,30.59171398315037,111.09342105263158,525,64.64932105263158,1.9859338220609084,27229.0,12.929864210526317,12606.907894736842,1436.422848893352,458.9008519814257,59.33525702214671,71.13283871364523,219.28350183938898,2966.762851107336,3886.500796584038,14043.330743630193,6853.263647691374
S004,P0013,80795,106.3092105263158,49.23239953593868,427.7171052631579,170,12.350313157894735,1.9859338220609084,38802.86184210527,2.4700626315789473,4082.236842105264,1056.4880385976455,1253.3659611780367,30.958924243988974,114.47676117802878,325.5998179588329,1547.9462121994488,1830.7109821694855,5138.724880702909,3378.657194368934
S004,P0014,48853,64.28026315789474,32.610313522262345,177.89605263157895,259,93.58672105263157,1.9859338220609084,23462.29605263158,18.717344210526317,6219.4078947368425,3329.7416507991693,354.04881221342845,66.26853485526733,75.82655138114004,203.48290007737893,3313.4267427633667,4732.698405261325,9549.149545536013,8046.125148024692
S004,P0015,49667,65.35131578947369,32.72787143634459,301.03815789473686,171,54.07001052631579,1.9859338220609084,23853.230263157897,10.814002105263159,4106.25,3255.4272732382274,469.6565411936874,50.78866825219149,76.09990082950802,205.8832891720069,2539.4334126095746,3362.3779003901914,7361.677273238227,5901.8113129997655
S004,P0016,47259,62.18289473684211,32.107271978098645,241.29473684210527,167,65.5958447368421,1.9859338220609084,22696.75657894737,13.11916894736842,4010.197368421053,3165.586418742382,415.9381324338414,54.567626310524645,74.65686297966738,198.14797679121537,2728.3813155262324,3707.8173140370245,7175.783787163435,6436.198629563257
S004,P0017,71254,93.75526315789473,34.62793922775686,149.81052631578947,599,57.12826578947368,1.9859338220609084,34220.67105263158,11.425653157894736,14383.88157894737,1711.6831130858725,547.2726473325637,62.52947451224718,80.51799965934032,266.7097477608245,3126.473725612359,4046.4444626874683,16095.564692033242,7172.918188299827
S004,P0018,46967,61.79868421052632,26.95275226496179,111.33684210526316,577,89.21622631578947,1.9859338220609084,22556.519736842107,17.843245263157893,13855.592105263158,1986.6105805096952,355.54872359174846,63.44143078050301,62.671407715447174,185.39950484799283,3172.0715390251507,4290.33283787924,15842.202685772854,7462.404376904391
S004,P0019,70948,93.35263157894737,33.51041555852343,144.58157894736843,581,35.30873684210526,1.9859338220609084,34073.710526315794,7.061747368421052,13951.644736842107,1020.9985846537396,694.6301447330195,49.05302596594335,77.91949762816786,263.31164605919065,2452.6512982971676,3002.8991056215723,14972.643321495847,5455.55040391874
S004,P0020,47817,62.91710526315789,31.432001551241264,176.1671052631579,262,73.1061947368421,1.9859338220609084,22964.743421052633,14.62123894736842,6291.4473684210525,2575.7813407188364,396.3133586325091,57.94592314600032,73.08670243265792,198.03590976092957,2897.2961573000157,3965.9142974431197,8867.228709139888,6863.210454743135
S005,P0001,74716,98.31052631578947,47.284727717820786,248.97105263157894,252,7.195476315789474,1.327100246236732,35883.34210526316,1.4390952631578948,6051.315789473684,358.2930625055402,1579.0710482300267,22.72433665697603,89.87868333315646,220.3466070145034,1136.2168328488015,1265.5608202924154,6409.608851979225,2401.777653141217
S005,P0002,62916,82.78421052631579,39.39708011568942,322.5671052631579,167,23.24591052631579,1.327100246236732,30216.236842105263,4.649182105263158,4010.197368421053,1499.673213536011,806.1797946630617,37.480766749722335,74.88586397494511,184.74881014893225,1874.0383374861167,2222.1963562156025,5509.870581957064,4096.234693701719
S005,P0003,61145,80.45394736842105,39.62492774452408,147.325,575,16.767852631578947,1.327100246236732,29365.690789473687,3.3535705263157896,13807.565789473685,494.0647777894737,935.7641193336082,31.381509701810398,75.31895613532404,182.0894094986727,1569.0754850905198,1821.6629164588144,14301.630567263159,3390.7384015493344
S005,P0004,78216,102.91578947368421,40.03122316514838,159.04342105263157,589,4.684421052631579,1.327100246236732,37564.26315789474,0.9368842105263158,14143.75,149.00526997229915,2002.3706793705317,18.759894731231032,76.09124137862558,212.67081093079958,937.9947365615516,1009.2834191685325,14292.755269972298,1947.278155730084
S005,P0005,77040,101.36842105263158,46.236871399550026,269.6078947368421,261,9.746573684210526,1.327100246236732,36999.47368421053,1.9493147368421053,6267.434210526317,525.5506423795015,1377.7067623543558,26.855840949043703,87.88692086028067,222.41297739985677,1342.7920474521852,1514.111317460806,6792.984852905818,2856.9033649129915
S005,P0006,82373,108.38552631578948,49.2065909334357,589.9671052631579,123,35.91676578947368,1.327100246236732,39560.71710526316,7.183353157894736,2953.6184210526317,4237.942068646122,742.1103156177548,53.308404791990576,93.53175576696037,237.37021442914238,2665.420239599529,3337.291872751563,7191.560489698753,6002.7121123510915
S005,P0007,78283,103.00394736842105,47.208881672540464,277.2065789473684,263,49.35185526315789,1.327100246236732,37596.44078947369,9.870371052631578,6315.46052631579,2736.1317924411355,617.1725856123079,60.91722423505507,89.73451537418029,226.43107929016725,3045.8612117527537,3931.5741747239863,9051.592318756926,6977.43538647674
S005,P0008,74793,98.41184210526316,39.62033409844662,147.56447368421053,557,37.8609,1.327100246236732,35920.32236842105,7.57218,13375.328947368422,1117.3847563421052,688.7468858915275,52.15315394410108,75.31022454520885,205.912604435714,2607.657697205054,3177.9202733017933,14492.713703710528,5785.577970506847
S005,P0009,78622,103.45,49.10197637897558,396.8078947368421,166,57.509423684210525,1.327100246236732,37759.25,11.501884736842106,3986.184210526316,4564.038667932134,572.9637870377665,65.90163436892938,93.33290470307199,230.62142517626194,3295.081718446469,4368.5860304958715,8550.22287845845,7663.66774894234
S005,P0010,78550,103.35526315789474,50.25408535425071,388.80263157894734,166,35.47151052631579,1.327100246236732,37724.67105263158,7.094302105263158,3986.184210526316,2758.283327742382,729.2188584113803,51.73298882425453,95.52283034612513,232.68562553282948,2586.6494412127263,3264.317257637937,6744.467538268698,5850.966698850663
S005,P0011,61890,81.4342105263158,38.88625198677304,406.39736842105265,121,44.46969473684211,1.327100246236732,29723.486842105263,8.893938947368422,2905.5921052631584,3614.473383108034,578.0997818412268,51.41584165182875,73.91488324073143,181.98624408229898,2570.7920825914375,3228.1865414363683,6520.065488371192,5798.978624027806
S005,P0012,50074,65.88684210526316,32.65607640214821,378.90394736842103,123,72.20119736842105,1.327100246236732,24048.697368421053,14.44023947368421,2953.6184210526317,5471.463737524237,408.09246947752484,58.92952986662623,62.072582237707586,149.511026619363,2946.4764933313118,3842.8194455937655,8425.082158576868,6789.295938925077
S005,P0013,79303,104.34605263157894,49.05714433145999,403.0407894736842,163,44.85747631578948,1.327100246236732,38086.30921052632,8.971495263157896,3914.1447368421054,3615.8785336225765,651.556420032149,58.45435335998542,93.24768806767383,231.72536020887324,2922.717667999271,3759.2888597988317,7530.023270464682,6682.006527798103
S005,P0014,49596,65.2578947368421,31.65795149398061,279.86052631578946,162,93.08494736842106,1.327100246236732,23819.13157894737,18.61698947368421,3890.1315789473683,5210.160472520775,357.69118310495116,66.59132990694526,60.175349095465734,146.77911726961963,3329.5664953472633,4449.850336032821,9100.292051468143,7779.416831380085
S005,P0015,78485,103.26973684210526,47.1748590949559,272.2092105263158,271,30.02014736842105,1.327100246236732,37693.45394736842,6.00402947368421,6507.565789473685,1634.3521230083104,792.3399607730589,47.572324776592374,89.66984535016853,226.71913854212892,2378.616238829619,2916.996633212735,8141.917912481996,5295.612872042354
S005,P0016,61518,80.94473684210526,46.78754829887952,339.6842105263158,153,19.51830789473684,1.327100246236732,29544.828947368424,3.903661578947368,3674.013157894737,1326.012201606648,869.9707675420065,33.96071460061082,88.93364603017241,196.35542622489777,1698.0357300305411,2045.2025871142303,5000.0253595013855,3743.2383171447714
S005,P0017,58656,77.17894736842105,39.09768960212153,133.2421052631579,550,20.77323947368421,1.327100246236732,28170.315789473687,4.154647894736843,13207.236842105263,553.5740321218838,823.4339066977791,34.210779469168614,74.31678329158997,176.74098334851334,1710.5389734584307,2019.2990407044492,13760.810874227147,3729.83801416288
S005,P0018,71089,93.53815789473684,36.596487398148085,136.34605263157894,519,13.267318421052632,1.327100246236732,34141.42763157895,2.653463684210527,12462.828947368422,361.78929914335185,1134.3165394125476,30.09867743730554,69.56250486611863,193.69701724075423,1504.933871865277,1689.5154523102408,12824.618246511774,3194.449324175518
S005,P0019,47215,62.125,31.098956449157807,178.78552631578947,257,77.34331578947368,1.327100246236732,22675.625,15.468663157894737,6171.381578947368,2765.5730840858723,382.8716781838996,59.22513022524618,59.11281281698153,141.5589156144385,2961.2565112623092,3875.652701043879,8936.95466303324,6836.909212306188
S005,P0020,58332,76.75263157894737,36.75527970171149,131.76447368421051,553,17.08365,1.327100246236732,28014.71052631579,3.41673,13279.276315789473,450.20363017105257,905.4985082564664,30.938439181151164,69.86433684985951,171.72277311759774,1546.9219590575583,1785.6295347025787,13729.479945960526,3332.551493760137
